building,room,seat_label,seat_id
理工馆,东楼一楼（博雅）,8,1985581017247879168
理工馆,东楼一楼（博雅）,6,1985581017247879169
理工馆,东楼一楼（博雅）,5,1985581017247879170
理工馆,东楼一楼（博雅）,7,1985581017247879171
理工馆,东楼一楼（博雅）,4,1985581017247879172
理工馆,东楼一楼（博雅）,1,1985581017247879173
理工馆,东楼一楼（博雅）,2,1985581017247879174
理工馆,东楼一楼（博雅）,3,1985581017247879175
理工馆,东楼一楼（博雅）,28,1985581017247879176
理工馆,东楼一楼（博雅）,26,1985581017247879177
理工馆,东楼一楼（博雅）,25,1985581017247879178
理工馆,东楼一楼（博雅）,27,1985581017247879179
理工馆,东楼一楼（博雅）,24,1985581017247879180
理工馆,东楼一楼（博雅）,21,1985581017247879181
理工馆,东楼一楼（博雅）,22,1985581017247879182
理工馆,东楼一楼（博雅）,23,1985581017247879183
理工馆,东楼一楼（博雅）,48,1985581017247879184
理工馆,东楼一楼（博雅）,46,1985581017247879185
理工馆,东楼一楼（博雅）,45,1985581017247879186
理工馆,东楼一楼（博雅）,47,1985581017247879187
理工馆,东楼一楼（博雅）,44,1985581017247879188
理工馆,东楼一楼（博雅）,41,1985581017247879189
理工馆,东楼一楼（博雅）,42,1985581017247879190
理工馆,东楼一楼（博雅）,43,1985581017247879191
理工馆,东楼一楼（博雅）,68,1985581017247879192
理工馆,东楼一楼（博雅）,66,1985581017247879193
理工馆,东楼一楼（博雅）,65,1985581017247879194
理工馆,东楼一楼（博雅）,67,1985581017247879195
理工馆,东楼一楼（博雅）,64,1985581017247879196
理工馆,东楼一楼（博雅）,61,1985581017247879197
理工馆,东楼一楼（博雅）,62,1985581017247879198
理工馆,东楼一楼（博雅）,63,1985581017247879199
理工馆,东楼一楼（博雅）,88,1985581017247879200
理工馆,东楼一楼（博雅）,86,1985581017247879201
理工馆,东楼一楼（博雅）,85,1985581017247879202
理工馆,东楼一楼（博雅）,87,1985581017247879203
理工馆,东楼一楼（博雅）,84,1985581017247879204
理工馆,东楼一楼（博雅）,81,1985581017247879205
理工馆,东楼一楼（博雅）,82,1985581017247879206
理工馆,东楼一楼（博雅）,83,1985581017247879207
理工馆,东楼一楼（博雅）,12,1985581017247879208
理工馆,东楼一楼（博雅）,14,1985581017247879209
理工馆,东楼一楼（博雅）,13,1985581017247879210
理工馆,东楼一楼（博雅）,11,1985581017247879211
理工馆,东楼一楼（博雅）,10,1985581017247879212
理工馆,东楼一楼（博雅）,9,1985581017247879213
理工馆,东楼一楼（博雅）,18,1985581017247879214
理工馆,东楼一楼（博雅）,20,1985581017247879215
理工馆,东楼一楼（博雅）,19,1985581017247879216
理工馆,东楼一楼（博雅）,17,1985581017247879217
理工馆,东楼一楼（博雅）,16,1985581017247879218
理工馆,东楼一楼（博雅）,15,1985581017247879219
理工馆,东楼一楼（博雅）,32,1985581017247879220
理工馆,东楼一楼（博雅）,34,1985581017247879221
理工馆,东楼一楼（博雅）,33,1985581017247879222
理工馆,东楼一楼（博雅）,31,1985581017247879223
理工馆,东楼一楼（博雅）,30,1985581017247879224
理工馆,东楼一楼（博雅）,29,1985581017247879225
理工馆,东楼一楼（博雅）,38,1985581017247879226
理工馆,东楼一楼（博雅）,40,1985581017247879227
理工馆,东楼一楼（博雅）,39,1985581017247879228
理工馆,东楼一楼（博雅）,37,1985581017247879229
理工馆,东楼一楼（博雅）,36,1985581017247879230
理工馆,东楼一楼（博雅）,35,1985581017247879231
理工馆,东楼一楼（博雅）,52,1985581017247879232
理工馆,东楼一楼（博雅）,54,1985581017252073472
理工馆,东楼一楼（博雅）,53,1985581017252073473
理工馆,东楼一楼（博雅）,51,1985581017252073474
理工馆,东楼一楼（博雅）,50,1985581017252073475
理工馆,东楼一楼（博雅）,49,1985581017252073476
理工馆,东楼一楼（博雅）,58,1985581017252073477
理工馆,东楼一楼（博雅）,60,1985581017252073478
理工馆,东楼一楼（博雅）,59,1985581017252073479
理工馆,东楼一楼（博雅）,57,1985581017252073480
理工馆,东楼一楼（博雅）,56,1985581017252073481
理工馆,东楼一楼（博雅）,55,1985581017252073482
理工馆,东楼一楼（博雅）,72,1985581017252073483
理工馆,东楼一楼（博雅）,74,1985581017252073484
理工馆,东楼一楼（博雅）,73,1985581017252073485
理工馆,东楼一楼（博雅）,71,1985581017252073486
理工馆,东楼一楼（博雅）,70,1985581017252073487
理工馆,东楼一楼（博雅）,69,1985581017252073488
理工馆,东楼一楼（博雅）,78,1985581017252073489
理工馆,东楼一楼（博雅）,80,1985581017252073490
理工馆,东楼一楼（博雅）,79,1985581017252073491
理工馆,东楼一楼（博雅）,77,1985581017252073492
理工馆,东楼一楼（博雅）,76,1985581017252073493
理工馆,东楼一楼（博雅）,75,1985581017252073494
理工馆,东楼一楼（博雅）,89,1985581017252073495
理工馆,东楼一楼（博雅）,92,1985581017252073496
理工馆,东楼一楼（博雅）,90,1985581017252073497
理工馆,东楼一楼（博雅）,91,1985581017252073498
理工馆,东楼一楼（博雅）,94,1985581017252073499
理工馆,东楼一楼（博雅）,93,1985581017252073500
理工馆,东楼一楼（博雅）,95,1985581017252073501
理工馆,东楼一楼（博雅）,96,1985581017252073502
理工馆,东楼一楼（博雅）,97,1985581017252073503
理工馆,东楼一楼（博雅）,98,1985581017252073504
理工馆,东楼一楼（博雅）,99,1985581017252073505
理工馆,东楼一楼（博雅）,100,1985581017252073506
理工馆,东楼一楼（博雅）,101,1985581017252073507
理工馆,东楼一楼（博雅）,102,1985581017252073508
理工馆,东楼一楼（博雅）,103,1985581017252073509
理工馆,东楼一楼（博雅）,104,1985581017252073510
理工馆,东楼一楼（博雅）,105,1985581017252073511
理工馆,东楼一楼（博雅）,106,1985581017252073512
理工馆,东楼一楼（博雅）,107,1985581017252073513
理工馆,东楼一楼（博雅）,108,1985581017252073514
理工馆,东楼一楼（博雅）,1,2008107114136965120
理工馆,东楼一楼（博雅）,109,2008107114136965121
理工馆,东楼一楼（博雅）,110,2008107114136965122
理工馆,东楼一楼（博雅）,111,2008107114136965123
理工馆,东楼一楼（博雅）,112,2008107114136965124
理工馆,东楼一楼（博雅）,113,2008107114136965125
理工馆,东楼一楼（博雅）,114,2008107114136965126
理工馆,东楼二楼,48,1985534836933234688
理工馆,东楼二楼,38,1985534836933234689
理工馆,东楼二楼,63,1985534836933234690
理工馆,东楼二楼,47,1985534836933234691
理工馆,东楼二楼,24,1985534836933234692
理工馆,东楼二楼,14,1985534836933234693
理工馆,东楼二楼,30,1985534836933234694
理工馆,东楼二楼,39,1985534836933234695
理工馆,东楼二楼,37,1985534836933234696
理工馆,东楼二楼,54,1985534836933234697
理工馆,东楼二楼,32,1985534836933234698
理工馆,东楼二楼,45,1985534836933234699
理工馆,东楼二楼,8,1985534836933234700
理工馆,东楼二楼,56,1985534836933234701
理工馆,东楼二楼,64,1985534836933234702
理工馆,东楼二楼,55,1985534836933234703
理工馆,东楼二楼,7,1985534836933234704
理工馆,东楼二楼,53,1985534836933234705
理工馆,东楼二楼,40,1985534836933234706
理工馆,东楼二楼,62,1985534836933234707
理工馆,东楼二楼,21,1985534836933234708
理工馆,东楼二楼,31,1985534836933234709
理工馆,东楼二楼,6,1985534836933234710
理工馆,东楼二楼,61,1985534836933234711
理工馆,东楼二楼,16,1985534836933234712
理工馆,东楼二楼,46,1985534836933234713
理工馆,东楼二楼,5,1985534836933234714
理工馆,东楼二楼,13,1985534836933234715
理工馆,东楼二楼,15,1985534836933234716
理工馆,东楼二楼,23,1985534836933234717
理工馆,东楼二楼,29,1985534836933234718
理工馆,东楼二楼,22,1985534836933234719
理工馆,东楼二楼,34,1985534836933234720
理工馆,东楼二楼,4,1985534836933234721
理工馆,东楼二楼,60,1985534836933234722
理工馆,东楼二楼,42,1985534836933234723
理工馆,东楼二楼,33,1985534836933234724
理工馆,东楼二楼,50,1985534836933234725
理工馆,东楼二楼,35,1985534836933234726
理工馆,东楼二楼,11,1985534836933234727
理工馆,东楼二楼,43,1985534836933234728
理工馆,东楼二楼,51,1985534836933234729
理工馆,东楼二楼,41,1985534836933234730
理工馆,东楼二楼,59,1985534836933234731
理工馆,东楼二楼,36,1985534836933234732
理工馆,东楼二楼,10,1985534836933234733
理工馆,东楼二楼,58,1985534836933234734
理工馆,东楼二楼,28,1985534836933234735
理工馆,东楼二楼,20,1985534836933234736
理工馆,东楼二楼,17,1985534836933234737
理工馆,东楼二楼,57,1985534836933234738
理工馆,东楼二楼,49,1985534836933234739
理工馆,东楼二楼,25,1985534836933234740
理工馆,东楼二楼,3,1985534836933234741
理工馆,东楼二楼,18,1985534836933234742
理工馆,东楼二楼,26,1985534836933234743
理工馆,东楼二楼,2,1985534836933234744
理工馆,东楼二楼,52,1985534836933234745
理工馆,东楼二楼,27,1985534836933234746
理工馆,东楼二楼,19,1985534836933234747
理工馆,东楼二楼,9,1985534836933234748
理工馆,东楼二楼,44,1985534836933234749
理工馆,东楼二楼,1,1985534836933234750
理工馆,东楼二楼,12,1985534836933234751
理工馆,东楼二楼过厅,6,1985575724610850816
理工馆,东楼二楼过厅,12,1985575724610850817
理工馆,东楼二楼过厅,5,1985575724610850818
理工馆,东楼二楼过厅,11,1985575724610850819
理工馆,东楼二楼过厅,10,1985575724610850820
理工馆,东楼二楼过厅,4,1985575724610850821
理工馆,东楼二楼过厅,7,1985575724610850822
理工馆,东楼二楼过厅,2,1985575724610850823
理工馆,东楼二楼过厅,3,1985575724610850824
理工馆,东楼二楼过厅,8,1985575724610850825
理工馆,东楼二楼过厅,9,1985575724610850826
理工馆,东楼二楼过厅,1,1985575724610850827
理工馆,东楼三楼,38,1985539058995138560
理工馆,东楼三楼,16,1985539058995138561
理工馆,东楼三楼,64,1985539058995138562
理工馆,东楼三楼,54,1985539058995138563
理工馆,东楼三楼,47,1985539058995138564
理工馆,东楼三楼,22,1985539058995138565
理工馆,东楼三楼,56,1985539058995138566
理工馆,东楼三楼,31,1985539058995138567
理工馆,东楼三楼,14,1985539058995138568
理工馆,东楼三楼,45,1985539058995138569
理工馆,东楼三楼,53,1985539058995138570
理工馆,东楼三楼,39,1985539058995138571
理工馆,东楼三楼,24,1985539058995138572
理工馆,东楼三楼,21,1985539058995138573
理工馆,东楼三楼,48,1985539058995138574
理工馆,东楼三楼,40,1985539058995138575
理工馆,东楼三楼,7,1985539058995138576
理工馆,东楼三楼,32,1985539058995138577
理工馆,东楼三楼,62,1985539058995138578
理工馆,东楼三楼,61,1985539058995138579
理工馆,东楼三楼,5,1985539058995138580
理工馆,东楼三楼,8,1985539058995138581
理工馆,东楼三楼,13,1985539058995138582
理工馆,东楼三楼,15,1985539058995138583
理工馆,东楼三楼,23,1985539058995138584
理工馆,东楼三楼,30,1985539058999332864
理工馆,东楼三楼,6,1985539058999332865
理工馆,东楼三楼,63,1985539058999332866
理工馆,东楼三楼,29,1985539058999332867
理工馆,东楼三楼,46,1985539058999332868
理工馆,东楼三楼,37,1985539058999332869
理工馆,东楼三楼,55,1985539058999332870
理工馆,东楼三楼,1,1985539058999332871
理工馆,东楼三楼,59,1985539058999332872
理工馆,东楼三楼,18,1985539058999332873
理工馆,东楼三楼,9,1985539058999332874
理工馆,东楼三楼,49,1985539058999332875
理工馆,东楼三楼,27,1985539058999332876
理工馆,东楼三楼,52,1985539058999332877
理工馆,东楼三楼,51,1985539058999332878
理工馆,东楼三楼,43,1985539058999332879
理工馆,东楼三楼,44,1985539058999332880
理工馆,东楼三楼,4,1985539058999332881
理工馆,东楼三楼,11,1985539058999332882
理工馆,东楼三楼,33,1985539058999332883
理工馆,东楼三楼,42,1985539058999332884
理工馆,东楼三楼,28,1985539058999332885
理工馆,东楼三楼,2,1985539058999332886
理工馆,东楼三楼,20,1985539058999332887
理工馆,东楼三楼,58,1985539058999332888
理工馆,东楼三楼,19,1985539058999332889
理工馆,东楼三楼,12,1985539058999332890
理工馆,东楼三楼,35,1985539058999332891
理工馆,东楼三楼,10,1985539058999332892
理工馆,东楼三楼,60,1985539058999332893
理工馆,东楼三楼,41,1985539058999332894
理工馆,东楼三楼,25,1985539058999332895
理工馆,东楼三楼,50,1985539058999332896
理工馆,东楼三楼,17,1985539058999332897
理工馆,东楼三楼,36,1985539058999332898
理工馆,东楼三楼,26,1985539058999332899
理工馆,东楼三楼,3,1985539058999332900
理工馆,东楼三楼,57,1985539058999332901
理工馆,东楼三楼,34,1985539058999332902
理工馆,报刊阅览室,31,1985545566931750912
理工馆,报刊阅览室,30,1985545566931750913
理工馆,报刊阅览室,19,1985545566931750914
理工馆,报刊阅览室,18,1985545566931750915
理工馆,报刊阅览室,7,1985545566931750916
理工馆,报刊阅览室,6,1985545566931750917
理工馆,报刊阅览室,32,1985545566931750918
理工馆,报刊阅览室,29,1985545566931750919
理工馆,报刊阅览室,20,1985545566931750920
理工馆,报刊阅览室,17,1985545566931750921
理工馆,报刊阅览室,8,1985545566931750922
理工馆,报刊阅览室,5,1985545566931750923
理工馆,报刊阅览室,33,1985545566931750924
理工馆,报刊阅览室,28,1985545566931750925
理工馆,报刊阅览室,21,1985545566931750926
理工馆,报刊阅览室,16,1985545566931750927
理工馆,报刊阅览室,9,1985545566931750928
理工馆,报刊阅览室,4,1985545566931750929
理工馆,报刊阅览室,34,1985545566931750930
理工馆,报刊阅览室,27,1985545566931750931
理工馆,报刊阅览室,22,1985545566931750932
理工馆,报刊阅览室,15,1985545566931750933
理工馆,报刊阅览室,10,1985545566931750934
理工馆,报刊阅览室,3,1985545566931750935
理工馆,报刊阅览室,35,1985545566931750936
理工馆,报刊阅览室,26,1985545566931750937
理工馆,报刊阅览室,23,1985545566931750938
理工馆,报刊阅览室,14,1985545566931750939
理工馆,报刊阅览室,11,1985545566931750940
理工馆,报刊阅览室,2,1985545566931750941
理工馆,报刊阅览室,36,1985545566931750942
理工馆,报刊阅览室,25,1985545566931750943
理工馆,报刊阅览室,24,1985545566931750944
理工馆,报刊阅览室,13,1985545566931750945
理工馆,报刊阅览室,12,1985545566931750946
理工馆,报刊阅览室,1,1985545566931750947
理工馆,报刊阅览室,67,1985545566931750948
理工馆,报刊阅览室,66,1985545566931750949
理工馆,报刊阅览室,55,1985545566931750950
理工馆,报刊阅览室,54,1985545566931750951
理工馆,报刊阅览室,43,1985545566931750952
理工馆,报刊阅览室,42,1985545566931750953
理工馆,报刊阅览室,68,1985545566931750954
理工馆,报刊阅览室,65,1985545566931750955
理工馆,报刊阅览室,56,1985545566931750956
理工馆,报刊阅览室,53,1985545566931750957
理工馆,报刊阅览室,44,1985545566931750958
理工馆,报刊阅览室,41,1985545566931750959
理工馆,报刊阅览室,69,1985545566931750960
理工馆,报刊阅览室,64,1985545566931750961
理工馆,报刊阅览室,57,1985545566931750962
理工馆,报刊阅览室,52,1985545566931750963
理工馆,报刊阅览室,45,1985545566931750964
理工馆,报刊阅览室,40,1985545566931750965
理工馆,报刊阅览室,70,1985545566931750966
理工馆,报刊阅览室,63,1985545566931750967
理工馆,报刊阅览室,58,1985545566931750968
理工馆,报刊阅览室,51,1985545566931750969
理工馆,报刊阅览室,46,1985545566931750970
理工馆,报刊阅览室,39,1985545566931750971
理工馆,报刊阅览室,71,1985545566931750972
理工馆,报刊阅览室,62,1985545566931750973
理工馆,报刊阅览室,59,1985545566931750974
理工馆,报刊阅览室,50,1985545566931750975
理工馆,报刊阅览室,47,1985545566931750976
理工馆,报刊阅览室,38,1985545566931750977
理工馆,报刊阅览室,72,1985545566931750978
理工馆,报刊阅览室,61,1985545566931750979
理工馆,报刊阅览室,60,1985545566931750980
理工馆,报刊阅览室,49,1985545566931750981
理工馆,报刊阅览室,48,1985545566931750982
理工馆,报刊阅览室,37,1985545566931750983
理工馆,报刊阅览室,73,1985545566931750984
理工馆,报刊阅览室,74,1985545566931750985
理工馆,报刊阅览室,75,1985545566931750986
理工馆,报刊阅览室,76,1985545566931750987
理工馆,报刊阅览室,77,1985545566931750988
理工馆,报刊阅览室,78,1985545566931750989
理工馆,报刊阅览室,79,1985545566931750990
理工馆,报刊阅览室,80,1985545566931750991
理工馆,报刊阅览室,81,1985545566931750992
理工馆,报刊阅览室,82,1985545566931750993
理工馆,报刊阅览室,83,1985545566931750994
理工馆,报刊阅览室,84,1985545566931750995
理工馆,报刊阅览室,85,1985545566931750996
理工馆,报刊阅览室,86,1985545566931750997
理工馆,报刊阅览室,87,1985545566931750998
理工馆,报刊阅览室,88,1985545566931750999
理工馆,报刊阅览室,89,1985545566931751000
理工馆,报刊阅览室,90,1985545566931751001
理工馆,报刊阅览室,91,1985545566931751002
理工馆,报刊阅览室,92,1985545566931751003
理工馆,报刊阅览室,93,1985545566931751004
理工馆,报刊阅览室,94,1985545566931751005
理工馆,逸夫楼二楼,30,1985587076997943296
理工馆,逸夫楼二楼,8,1985587076997943297
理工馆,逸夫楼二楼,29,1985587076997943298
理工馆,逸夫楼二楼,13,1985587076997943299
理工馆,逸夫楼二楼,16,1985587076997943300
理工馆,逸夫楼二楼,39,1985587076997943301
理工馆,逸夫楼二楼,24,1985587076997943302
理工馆,逸夫楼二楼,15,1985587076997943303
理工馆,逸夫楼二楼,7,1985587076997943304
理工馆,逸夫楼二楼,32,1985587076997943305
理工馆,逸夫楼二楼,38,1985587076997943306
理工馆,逸夫楼二楼,22,1985587076997943307
理工馆,逸夫楼二楼,31,1985587076997943308
理工馆,逸夫楼二楼,5,1985587076997943309
理工馆,逸夫楼二楼,40,1985587076997943310
理工馆,逸夫楼二楼,37,1985587076997943311
理工馆,逸夫楼二楼,14,1985587076997943312
理工馆,逸夫楼二楼,6,1985587076997943313
理工馆,逸夫楼二楼,23,1985587076997943314
理工馆,逸夫楼二楼,21,1985587076997943315
理工馆,逸夫楼二楼,9,1985587076997943316
理工馆,逸夫楼二楼,20,1985587076997943317
理工馆,逸夫楼二楼,26,1985587076997943318
理工馆,逸夫楼二楼,3,1985587076997943319
理工馆,逸夫楼二楼,33,1985587076997943320
理工馆,逸夫楼二楼,27,1985587076997943321
理工馆,逸夫楼二楼,36,1985587076997943322
理工馆,逸夫楼二楼,12,1985587076997943323
理工馆,逸夫楼二楼,34,1985587076997943324
理工馆,逸夫楼二楼,18,1985587076997943325
理工馆,逸夫楼二楼,11,1985587076997943326
理工馆,逸夫楼二楼,1,1985587076997943327
理工馆,逸夫楼二楼,4,1985587076997943328
理工馆,逸夫楼二楼,19,1985587076997943329
理工馆,逸夫楼二楼,35,1985587076997943330
理工馆,逸夫楼二楼,10,1985587076997943331
理工馆,逸夫楼二楼,28,1985587076997943332
理工馆,逸夫楼二楼,25,1985587076997943333
理工馆,逸夫楼二楼,17,1985587076997943334
理工馆,逸夫楼二楼,2,1985587076997943335
理工馆,逸夫楼二楼,67,1985587076997943336
理工馆,逸夫楼二楼,44,1985587076997943337
理工馆,逸夫楼二楼,45,1985587076997943338
理工馆,逸夫楼二楼,47,1985587076997943339
理工馆,逸夫楼二楼,49,1985587076997943340
理工馆,逸夫楼二楼,48,1985587076997943341
理工馆,逸夫楼二楼,62,1985587076997943342
理工馆,逸夫楼二楼,63,1985587076997943343
理工馆,逸夫楼二楼,65,1985587076997943344
理工馆,逸夫楼二楼,41,1985587076997943345
理工馆,逸夫楼二楼,61,1985587076997943346
理工馆,逸夫楼二楼,66,1985587076997943347
理工馆,逸夫楼二楼,42,1985587076997943348
理工馆,逸夫楼二楼,60,1985587076997943349
理工馆,逸夫楼二楼,64,1985587076997943350
理工馆,逸夫楼二楼,59,1985587076997943351
理工馆,逸夫楼二楼,46,1985587076997943352
理工馆,逸夫楼二楼,43,1985587076997943353
理工馆,逸夫楼二楼,72,1985587076997943354
理工馆,逸夫楼二楼,76,1985587076997943355
理工馆,逸夫楼二楼,73,1985587076997943356
理工馆,逸夫楼二楼,69,1985587076997943357
理工馆,逸夫楼二楼,57,1985587076997943358
理工馆,逸夫楼二楼,68,1985587076997943359
理工馆,逸夫楼二楼,52,1985587076997943360
理工馆,逸夫楼二楼,56,1985587076997943361
理工馆,逸夫楼二楼,51,1985587076997943362
理工馆,逸夫楼二楼,53,1985587076997943363
理工馆,逸夫楼二楼,55,1985587076997943364
理工馆,逸夫楼二楼,50,1985587076997943365
理工馆,逸夫楼二楼,71,1985587076997943366
理工馆,逸夫楼二楼,54,1985587076997943367
理工馆,逸夫楼二楼,58,1985587076997943368
理工馆,逸夫楼二楼,70,1985587076997943369
理工馆,逸夫楼二楼,75,1985587076997943370
理工馆,逸夫楼二楼,74,1985587076997943371
理工馆,逸夫楼二楼,146,1985587076997943372
理工馆,逸夫楼二楼,124,1985587076997943373
理工馆,逸夫楼二楼,145,1985587076997943374
理工馆,逸夫楼二楼,129,1985587076997943375
理工馆,逸夫楼二楼,132,1985587076997943376
理工馆,逸夫楼二楼,155,1985587076997943377
理工馆,逸夫楼二楼,140,1985587076997943378
理工馆,逸夫楼二楼,131,1985587076997943379
理工馆,逸夫楼二楼,123,1985587076997943380
理工馆,逸夫楼二楼,148,1985587076997943381
理工馆,逸夫楼二楼,154,1985587076997943382
理工馆,逸夫楼二楼,138,1985587076997943383
理工馆,逸夫楼二楼,147,1985587076997943384
理工馆,逸夫楼二楼,121,1985587076997943385
理工馆,逸夫楼二楼,156,1985587076997943386
理工馆,逸夫楼二楼,153,1985587076997943387
理工馆,逸夫楼二楼,130,1985587076997943388
理工馆,逸夫楼二楼,122,1985587076997943389
理工馆,逸夫楼二楼,139,1985587076997943390
理工馆,逸夫楼二楼,137,1985587076997943391
理工馆,逸夫楼二楼,125,1985587076997943392
理工馆,逸夫楼二楼,136,1985587076997943393
理工馆,逸夫楼二楼,142,1985587076997943394
理工馆,逸夫楼二楼,119,1985587076997943395
理工馆,逸夫楼二楼,149,1985587076997943396
理工馆,逸夫楼二楼,143,1985587076997943397
理工馆,逸夫楼二楼,152,1985587076997943398
理工馆,逸夫楼二楼,128,1985587076997943399
理工馆,逸夫楼二楼,150,1985587076997943400
理工馆,逸夫楼二楼,134,1985587076997943401
理工馆,逸夫楼二楼,127,1985587076997943402
理工馆,逸夫楼二楼,117,1985587076997943403
理工馆,逸夫楼二楼,120,1985587076997943404
理工馆,逸夫楼二楼,135,1985587076997943405
理工馆,逸夫楼二楼,151,1985587076997943406
理工馆,逸夫楼二楼,126,1985587076997943407
理工馆,逸夫楼二楼,144,1985587076997943408
理工馆,逸夫楼二楼,141,1985587076997943409
理工馆,逸夫楼二楼,133,1985587076997943410
理工馆,逸夫楼二楼,118,1985587076997943411
理工馆,逸夫楼二楼,106,1985587076997943412
理工馆,逸夫楼二楼,84,1985587076997943413
理工馆,逸夫楼二楼,105,1985587076997943414
理工馆,逸夫楼二楼,89,1985587076997943415
理工馆,逸夫楼二楼,92,1985587076997943416
理工馆,逸夫楼二楼,115,1985587076997943417
理工馆,逸夫楼二楼,100,1985587076997943418
理工馆,逸夫楼二楼,91,1985587076997943419
理工馆,逸夫楼二楼,83,1985587076997943420
理工馆,逸夫楼二楼,108,1985587076997943421
理工馆,逸夫楼二楼,114,1985587076997943422
理工馆,逸夫楼二楼,98,1985587076997943423
理工馆,逸夫楼二楼,107,1985587076997943424
理工馆,逸夫楼二楼,81,1985587076997943425
理工馆,逸夫楼二楼,116,1985587076997943426
理工馆,逸夫楼二楼,113,1985587076997943427
理工馆,逸夫楼二楼,90,1985587076997943428
理工馆,逸夫楼二楼,82,1985587076997943429
理工馆,逸夫楼二楼,99,1985587076997943430
理工馆,逸夫楼二楼,97,1985587076997943431
理工馆,逸夫楼二楼,85,1985587076997943432
理工馆,逸夫楼二楼,96,1985587076997943433
理工馆,逸夫楼二楼,102,1985587076997943434
理工馆,逸夫楼二楼,79,1985587076997943435
理工馆,逸夫楼二楼,109,1985587076997943436
理工馆,逸夫楼二楼,103,1985587076997943437
理工馆,逸夫楼二楼,112,1985587076997943438
理工馆,逸夫楼二楼,88,1985587076997943439
理工馆,逸夫楼二楼,110,1985587076997943440
理工馆,逸夫楼二楼,94,1985587076997943441
理工馆,逸夫楼二楼,87,1985587076997943442
理工馆,逸夫楼二楼,77,1985587076997943443
理工馆,逸夫楼二楼,80,1985587076997943444
理工馆,逸夫楼二楼,95,1985587076997943445
理工馆,逸夫楼二楼,111,1985587076997943446
理工馆,逸夫楼二楼,86,1985587076997943447
理工馆,逸夫楼二楼,104,1985587076997943448
理工馆,逸夫楼二楼,101,1985587076997943449
理工馆,逸夫楼二楼,93,1985587076997943450
理工馆,逸夫楼二楼,78,1985587076997943451
理工馆,逸夫楼二楼,186,1985593378516078592
理工馆,逸夫楼二楼,185,1985593378516078593
理工馆,逸夫楼二楼,184,1985593378516078594
理工馆,逸夫楼二楼,181,1985593378516078596
理工馆,逸夫楼二楼,182,1985593378516078597
理工馆,逸夫楼二楼,183,1985593378516078598
理工馆,逸夫楼二楼,180,1985593378516078600
理工馆,逸夫楼二楼,179,1985593378516078601
理工馆,逸夫楼二楼,178,1985593378516078602
理工馆,逸夫楼二楼,175,1985593378516078604
理工馆,逸夫楼二楼,176,1985593378516078605
理工馆,逸夫楼二楼,177,1985593378516078606
理工馆,逸夫楼二楼,174,1985593378516078608
理工馆,逸夫楼二楼,173,1985593378516078609
理工馆,逸夫楼二楼,172,1985593378516078610
理工馆,逸夫楼二楼,169,1985593378516078612
理工馆,逸夫楼二楼,170,1985593378516078613
理工馆,逸夫楼二楼,171,1985593378516078614
理工馆,逸夫楼二楼,168,1985593378516078616
理工馆,逸夫楼二楼,167,1985593378516078617
理工馆,逸夫楼二楼,166,1985593378516078618
理工馆,逸夫楼二楼,163,1985593378516078620
理工馆,逸夫楼二楼,164,1985593378516078621
理工馆,逸夫楼二楼,165,1985593378516078622
理工馆,逸夫楼二楼,162,1985593378516078624
理工馆,逸夫楼二楼,161,1985593378520272896
理工馆,逸夫楼二楼,160,1985593378520272897
理工馆,逸夫楼二楼,157,1985593378520272899
理工馆,逸夫楼二楼,158,1985593378520272900
理工馆,逸夫楼二楼,159,1985593378520272901
理工馆,逸夫楼二楼,198,1985593378520272903
理工馆,逸夫楼二楼,199,1985593378520272904
理工馆,逸夫楼二楼,200,1985593378520272905
理工馆,逸夫楼二楼,201,1985593378520272906
理工馆,逸夫楼二楼,202,1985593378520272907
理工馆,逸夫楼二楼,203,1985593378520272908
理工馆,逸夫楼二楼,204,1985593378520272909
理工馆,逸夫楼二楼,205,1985593378520272910
理工馆,逸夫楼二楼,206,1985593378520272911
理工馆,逸夫楼二楼,207,1985593378520272912
理工馆,逸夫楼二楼,208,1985593378520272913
理工馆,逸夫楼二楼,209,1985593378520272914
理工馆,逸夫楼二楼,210,1985598157636079616
理工馆,逸夫楼二楼,211,1985598157636079617
理工馆,逸夫楼二楼,212,1985598157636079618
理工馆,逸夫楼二楼,213,1985598157636079619
理工馆,逸夫楼二楼,214,1985598157636079620
理工馆,逸夫楼二楼,215,1985598157636079621
理工馆,逸夫楼二楼,216,1985598157636079622
理工馆,逸夫楼二楼,217,1985598157636079623
理工馆,逸夫楼二楼,218,1985598157636079624
理工馆,逸夫楼二楼,219,1985598157636079625
理工馆,逸夫楼二楼,220,1985598157636079626
理工馆,逸夫楼二楼,221,1985598157636079627
理工馆,逸夫楼二楼,197,1985598157636079628
理工馆,逸夫楼二楼,196,1985598157636079629
理工馆,逸夫楼二楼,195,1985598157636079630
理工馆,逸夫楼二楼,194,1985598157636079631
理工馆,逸夫楼二楼,193,1985598157636079632
理工馆,逸夫楼二楼,192,1985598157636079633
理工馆,逸夫楼二楼,191,1985598157636079634
理工馆,逸夫楼二楼,190,1985598157636079635
理工馆,逸夫楼二楼,189,1985598157636079636
理工馆,逸夫楼二楼,188,1985598157636079637
理工馆,逸夫楼二楼,187,1998961164046929920
理工馆,逸夫楼三楼,39,1985599788146593792
理工馆,逸夫楼三楼,23,1985599788146593793
理工馆,逸夫楼三楼,13,1985599788146593794
理工馆,逸夫楼三楼,14,1985599788146593795
理工馆,逸夫楼三楼,31,1985599788146593796
理工馆,逸夫楼三楼,29,1985599788146593797
理工馆,逸夫楼三楼,24,1985599788146593798
理工馆,逸夫楼三楼,15,1985599788146593799
理工馆,逸夫楼三楼,30,1985599788146593800
理工馆,逸夫楼三楼,5,1985599788146593801
理工馆,逸夫楼三楼,6,1985599788146593802
理工馆,逸夫楼三楼,21,1985599788146593803
理工馆,逸夫楼三楼,16,1985599788146593804
理工馆,逸夫楼三楼,37,1985599788146593805
理工馆,逸夫楼三楼,32,1985599788146593806
理工馆,逸夫楼三楼,7,1985599788146593807
理工馆,逸夫楼三楼,40,1985599788146593808
理工馆,逸夫楼三楼,8,1985599788146593809
理工馆,逸夫楼三楼,38,1985599788146593810
理工馆,逸夫楼三楼,22,1985599788146593811
理工馆,逸夫楼三楼,12,1985599788146593812
理工馆,逸夫楼三楼,27,1985599788146593813
理工馆,逸夫楼三楼,35,1985599788146593814
理工馆,逸夫楼三楼,2,1985599788146593815
理工馆,逸夫楼三楼,9,1985599788146593816
理工馆,逸夫楼三楼,4,1985599788146593817
理工馆,逸夫楼三楼,11,1985599788146593818
理工馆,逸夫楼三楼,28,1985599788146593819
理工馆,逸夫楼三楼,19,1985599788146593820
理工馆,逸夫楼三楼,10,1985599788146593821
理工馆,逸夫楼三楼,17,1985599788146593822
理工馆,逸夫楼三楼,25,1985599788146593823
理工馆,逸夫楼三楼,33,1985599788146593824
理工馆,逸夫楼三楼,20,1985599788146593825
理工馆,逸夫楼三楼,1,1985599788146593826
理工馆,逸夫楼三楼,3,1985599788146593827
理工馆,逸夫楼三楼,36,1985599788146593828
理工馆,逸夫楼三楼,34,1985599788146593829
理工馆,逸夫楼三楼,26,1985599788146593830
理工馆,逸夫楼三楼,18,1985599788146593831
理工馆,逸夫楼三楼,65,1985599788146593832
理工馆,逸夫楼三楼,41,1985599788146593833
理工馆,逸夫楼三楼,48,1985599788146593834
理工馆,逸夫楼三楼,59,1985599788146593835
理工馆,逸夫楼三楼,63,1985599788146593836
理工馆,逸夫楼三楼,46,1985599788146593837
理工馆,逸夫楼三楼,64,1985599788146593838
理工馆,逸夫楼三楼,49,1985599788146593839
理工馆,逸夫楼三楼,67,1985599788146593840
理工馆,逸夫楼三楼,62,1985599788146593841
理工馆,逸夫楼三楼,47,1985599788146593842
理工馆,逸夫楼三楼,60,1985599788146593843
理工馆,逸夫楼三楼,43,1985599788146593844
理工馆,逸夫楼三楼,45,1985599788146593845
理工馆,逸夫楼三楼,44,1985599788146593846
理工馆,逸夫楼三楼,66,1985599788146593847
理工馆,逸夫楼三楼,61,1985599788146593848
理工馆,逸夫楼三楼,42,1985599788146593849
理工馆,逸夫楼三楼,55,1985599788146593850
理工馆,逸夫楼三楼,54,1985599788146593851
理工馆,逸夫楼三楼,75,1985599788146593852
理工馆,逸夫楼三楼,58,1985599788146593853
理工馆,逸夫楼三楼,73,1985599788146593854
理工馆,逸夫楼三楼,52,1985599788146593855
理工馆,逸夫楼三楼,56,1985599788146593856
理工馆,逸夫楼三楼,57,1985599788146593857
理工馆,逸夫楼三楼,69,1985599788146593858
理工馆,逸夫楼三楼,51,1985599788146593859
理工馆,逸夫楼三楼,72,1985599788146593860
理工馆,逸夫楼三楼,50,1985599788146593861
理工馆,逸夫楼三楼,76,1985599788146593862
理工馆,逸夫楼三楼,70,1985599788146593863
理工馆,逸夫楼三楼,71,1985599788146593864
理工馆,逸夫楼三楼,53,1985599788146593865
理工馆,逸夫楼三楼,74,1985599788146593866
理工馆,逸夫楼三楼,68,1985599788146593867
理工馆,逸夫楼三楼,156,1985599788146593868
理工馆,逸夫楼三楼,149,1985599788146593869
理工馆,逸夫楼三楼,148,1985599788146593870
理工馆,逸夫楼三楼,141,1985599788146593871
理工馆,逸夫楼三楼,140,1985599788146593872
理工馆,逸夫楼三楼,133,1985599788146593873
理工馆,逸夫楼三楼,132,1985599788146593874
理工馆,逸夫楼三楼,125,1985599788146593875
理工馆,逸夫楼三楼,124,1985599788146593876
理工馆,逸夫楼三楼,117,1985599788146593877
理工馆,逸夫楼三楼,116,1985599788146593878
理工馆,逸夫楼三楼,109,1985599788146593879
理工馆,逸夫楼三楼,108,1985599788146593880
理工馆,逸夫楼三楼,101,1985599788146593881
理工馆,逸夫楼三楼,100,1985599788146593882
理工馆,逸夫楼三楼,93,1985599788146593883
理工馆,逸夫楼三楼,92,1985599788146593884
理工馆,逸夫楼三楼,85,1985599788146593885
理工馆,逸夫楼三楼,84,1985599788146593886
理工馆,逸夫楼三楼,77,1985599788146593887
理工馆,逸夫楼三楼,155,1985599788146593888
理工馆,逸夫楼三楼,150,1985599788146593889
理工馆,逸夫楼三楼,147,1985599788146593890
理工馆,逸夫楼三楼,142,1985599788146593891
理工馆,逸夫楼三楼,139,1985599788146593892
理工馆,逸夫楼三楼,134,1985599788146593893
理工馆,逸夫楼三楼,131,1985599788146593894
理工馆,逸夫楼三楼,126,1985599788146593895
理工馆,逸夫楼三楼,123,1985599788146593896
理工馆,逸夫楼三楼,118,1985599788146593897
理工馆,逸夫楼三楼,115,1985599788146593898
理工馆,逸夫楼三楼,110,1985599788146593899
理工馆,逸夫楼三楼,107,1985599788146593900
理工馆,逸夫楼三楼,102,1985599788146593901
理工馆,逸夫楼三楼,99,1985599788146593902
理工馆,逸夫楼三楼,94,1985599788146593903
理工馆,逸夫楼三楼,91,1985599788146593904
理工馆,逸夫楼三楼,86,1985599788146593905
理工馆,逸夫楼三楼,83,1985599788146593906
理工馆,逸夫楼三楼,78,1985599788146593907
理工馆,逸夫楼三楼,154,1985599788146593908
理工馆,逸夫楼三楼,151,1985599788146593909
理工馆,逸夫楼三楼,146,1985599788146593910
理工馆,逸夫楼三楼,143,1985599788146593911
理工馆,逸夫楼三楼,138,1985599788146593912
理工馆,逸夫楼三楼,135,1985599788146593913
理工馆,逸夫楼三楼,130,1985599788146593914
理工馆,逸夫楼三楼,127,1985599788146593915
理工馆,逸夫楼三楼,122,1985599788146593916
理工馆,逸夫楼三楼,119,1985599788146593917
理工馆,逸夫楼三楼,114,1985599788146593918
理工馆,逸夫楼三楼,111,1985599788146593919
理工馆,逸夫楼三楼,106,1985599788146593920
理工馆,逸夫楼三楼,103,1985599788146593921
理工馆,逸夫楼三楼,98,1985599788146593922
理工馆,逸夫楼三楼,95,1985599788146593923
理工馆,逸夫楼三楼,90,1985599788146593924
理工馆,逸夫楼三楼,87,1985599788146593925
理工馆,逸夫楼三楼,82,1985599788146593926
理工馆,逸夫楼三楼,79,1985599788146593927
理工馆,逸夫楼三楼,153,1985599788146593928
理工馆,逸夫楼三楼,152,1985599788146593929
理工馆,逸夫楼三楼,145,1985599788146593930
理工馆,逸夫楼三楼,144,1985599788146593931
理工馆,逸夫楼三楼,137,1985599788146593932
理工馆,逸夫楼三楼,136,1985599788146593933
理工馆,逸夫楼三楼,129,1985599788146593934
理工馆,逸夫楼三楼,128,1985599788146593935
理工馆,逸夫楼三楼,121,1985599788146593936
理工馆,逸夫楼三楼,120,1985599788146593937
理工馆,逸夫楼三楼,113,1985599788146593938
理工馆,逸夫楼三楼,112,1985599788146593939
理工馆,逸夫楼三楼,105,1985599788146593940
理工馆,逸夫楼三楼,104,1985599788146593941
理工馆,逸夫楼三楼,97,1985599788146593942
理工馆,逸夫楼三楼,96,1985599788146593943
理工馆,逸夫楼三楼,89,1985599788146593944
理工馆,逸夫楼三楼,88,1985599788146593945
理工馆,逸夫楼三楼,81,1985599788146593946
理工馆,逸夫楼三楼,80,1985599788146593947
理工馆,逸夫楼三楼,186,1985599788146593948
理工馆,逸夫楼三楼,185,1985599788146593949
理工馆,逸夫楼三楼,184,1985599788146593950
理工馆,逸夫楼三楼,181,1985599788146593951
理工馆,逸夫楼三楼,182,1985599788146593952
理工馆,逸夫楼三楼,183,1985599788146593953
理工馆,逸夫楼三楼,180,1985599788146593954
理工馆,逸夫楼三楼,179,1985599788146593955
理工馆,逸夫楼三楼,178,1985599788146593956
理工馆,逸夫楼三楼,175,1985599788146593957
理工馆,逸夫楼三楼,176,1985599788146593958
理工馆,逸夫楼三楼,177,1985599788146593959
理工馆,逸夫楼三楼,174,1985599788146593960
理工馆,逸夫楼三楼,173,1985599788146593961
理工馆,逸夫楼三楼,172,1985599788146593962
理工馆,逸夫楼三楼,169,1985599788146593963
理工馆,逸夫楼三楼,170,1985599788146593964
理工馆,逸夫楼三楼,171,1985599788146593965
理工馆,逸夫楼三楼,168,1985599788146593966
理工馆,逸夫楼三楼,167,1985599788146593967
理工馆,逸夫楼三楼,166,1985599788146593968
理工馆,逸夫楼三楼,163,1985599788146593969
理工馆,逸夫楼三楼,164,1985599788146593970
理工馆,逸夫楼三楼,165,1985599788146593971
理工馆,逸夫楼三楼,162,1985599788146593972
理工馆,逸夫楼三楼,161,1985599788146593973
理工馆,逸夫楼三楼,160,1985599788146593974
理工馆,逸夫楼三楼,157,1985599788146593975
理工馆,逸夫楼三楼,158,1985599788146593976
理工馆,逸夫楼三楼,159,1985599788146593977
理工馆,逸夫楼三楼,189,1985600051746017280
理工馆,逸夫楼三楼,190,1985600051746017281
理工馆,逸夫楼三楼,191,1985600051746017282
理工馆,逸夫楼三楼,192,1985600051746017283
理工馆,逸夫楼三楼,193,1985600051746017284
理工馆,逸夫楼三楼,194,1985600051746017285
理工馆,逸夫楼三楼,195,1985600051746017286
理工馆,逸夫楼三楼,196,1985600051746017287
理工馆,逸夫楼三楼,197,1985600051746017288
理工馆,逸夫楼三楼,198,1985600051746017289
理工馆,逸夫楼三楼,200,1985600366700498944
理工馆,逸夫楼三楼,201,1985600366700498945
理工馆,逸夫楼三楼,202,1985600366700498946
理工馆,逸夫楼三楼,203,1985600366700498947
理工馆,逸夫楼三楼,204,1985600366700498948
理工馆,逸夫楼三楼,205,1985600366700498949
理工馆,逸夫楼三楼,206,1985600366700498950
理工馆,逸夫楼三楼,207,1985600366700498951
理工馆,逸夫楼三楼,208,1985600366700498952
理工馆,逸夫楼三楼,209,1985600366700498953
理工馆,逸夫楼三楼,210,1985600366700498954
理工馆,逸夫楼三楼,211,1985600366700498955
理工馆,逸夫楼三楼,212,1985600366700498956
理工馆,逸夫楼三楼,213,1985600366700498957
理工馆,逸夫楼三楼,187,1985602267844284416
理工馆,逸夫楼三楼,188,1985602267844284417
理工馆,逸夫楼三楼,199,1998961682798448640
建筑馆,北楼一楼阅览室,72,1992770317668421632
建筑馆,北楼一楼阅览室,67,1992770317668421633
建筑馆,北楼一楼阅览室,68,1992770317668421634
建筑馆,北楼一楼阅览室,69,1992770317668421635
建筑馆,北楼一楼阅览室,66,1992770317668421636
建筑馆,北楼一楼阅览室,71,1992770317668421637
建筑馆,北楼一楼阅览室,65,1992770317668421638
建筑馆,北楼一楼阅览室,70,1992770317668421639
建筑馆,北楼一楼阅览室,64,1992770317668421640
建筑馆,北楼一楼阅览室,59,1992770317668421641
建筑馆,北楼一楼阅览室,60,1992770317668421642
建筑馆,北楼一楼阅览室,61,1992770317668421643
建筑馆,北楼一楼阅览室,58,1992770317668421644
建筑馆,北楼一楼阅览室,63,1992770317668421645
建筑馆,北楼一楼阅览室,57,1992770317668421646
建筑馆,北楼一楼阅览室,62,1992770317668421647
建筑馆,北楼一楼阅览室,56,1992770317668421648
建筑馆,北楼一楼阅览室,51,1992770317668421649
建筑馆,北楼一楼阅览室,52,1992770317668421650
建筑馆,北楼一楼阅览室,53,1992770317668421651
建筑馆,北楼一楼阅览室,50,1992770317668421652
建筑馆,北楼一楼阅览室,55,1992770317668421653
建筑馆,北楼一楼阅览室,49,1992770317668421654
建筑馆,北楼一楼阅览室,54,1992770317668421655
建筑馆,北楼一楼阅览室,48,1992770317668421656
建筑馆,北楼一楼阅览室,43,1992770317668421657
建筑馆,北楼一楼阅览室,44,1992770317668421658
建筑馆,北楼一楼阅览室,45,1992770317668421659
建筑馆,北楼一楼阅览室,42,1992770317668421660
建筑馆,北楼一楼阅览室,47,1992770317668421661
建筑馆,北楼一楼阅览室,41,1992770317668421662
建筑馆,北楼一楼阅览室,46,1992770317668421663
建筑馆,北楼一楼阅览室,40,1992770317668421664
建筑馆,北楼一楼阅览室,35,1992770317668421665
建筑馆,北楼一楼阅览室,36,1992770317668421666
建筑馆,北楼一楼阅览室,37,1992770317668421667
建筑馆,北楼一楼阅览室,34,1992770317668421668
建筑馆,北楼一楼阅览室,39,1992770317668421669
建筑馆,北楼一楼阅览室,33,1992770317668421670
建筑馆,北楼一楼阅览室,38,1992770317668421671
建筑馆,北楼一楼阅览室,32,1992770317668421672
建筑馆,北楼一楼阅览室,27,1992770317668421673
建筑馆,北楼一楼阅览室,28,1992770317668421674
建筑馆,北楼一楼阅览室,29,1992770317668421675
建筑馆,北楼一楼阅览室,26,1992770317668421676
建筑馆,北楼一楼阅览室,31,1992770317668421677
建筑馆,北楼一楼阅览室,25,1992770317668421678
建筑馆,北楼一楼阅览室,30,1992770317668421679
建筑馆,北楼一楼阅览室,24,1992770317668421680
建筑馆,北楼一楼阅览室,19,1992770317668421681
建筑馆,北楼一楼阅览室,20,1992770317668421682
建筑馆,北楼一楼阅览室,21,1992770317668421683
建筑馆,北楼一楼阅览室,18,1992770317668421684
建筑馆,北楼一楼阅览室,23,1992770317668421685
建筑馆,北楼一楼阅览室,17,1992770317668421686
建筑馆,北楼一楼阅览室,22,1992770317668421687
建筑馆,北楼一楼阅览室,16,1992770317668421688
建筑馆,北楼一楼阅览室,11,1992770317668421689
建筑馆,北楼一楼阅览室,12,1992770317668421690
建筑馆,北楼一楼阅览室,13,1992770317668421691
建筑馆,北楼一楼阅览室,10,1992770317668421692
建筑馆,北楼一楼阅览室,15,1992770317668421693
建筑馆,北楼一楼阅览室,9,1992770317668421694
建筑馆,北楼一楼阅览室,14,1992770317668421695
建筑馆,北楼一楼阅览室,8,1992770317668421696
建筑馆,北楼一楼阅览室,3,1992770317668421697
建筑馆,北楼一楼阅览室,4,1992770317668421698
建筑馆,北楼一楼阅览室,5,1992770317668421699
建筑馆,北楼一楼阅览室,2,1992770317668421700
建筑馆,北楼一楼阅览室,7,1992770317668421701
建筑馆,北楼一楼阅览室,1,1992770317668421702
建筑馆,北楼一楼阅览室,6,1992770317668421703
建筑馆,北楼一楼阅览室,74,1992770317668421704
建筑馆,北楼一楼阅览室,73,1992770317668421705
建筑馆,北楼一楼阅览室,76,1992770317668421706
建筑馆,北楼一楼阅览室,75,1992770317668421707
建筑馆,北楼一楼阅览室,78,1992770317668421708
建筑馆,北楼一楼阅览室,77,1992770317668421709
建筑馆,北楼一楼阅览室,80,1992770317668421710
建筑馆,北楼一楼阅览室,79,1992770317668421711
建筑馆,北楼一楼阅览室,82,1992770317668421712
建筑馆,北楼一楼阅览室,81,1992770317668421713
建筑馆,北楼一楼阅览室,84,1992770317668421714
建筑馆,北楼一楼阅览室,83,1992770317668421715
建筑馆,北楼一楼阅览室,86,1992770317668421716
建筑馆,北楼一楼阅览室,85,1992770317668421717
建筑馆,北楼一楼阅览室,88,1992770317668421718
建筑馆,北楼一楼阅览室,87,1992770317668421719
建筑馆,北楼一楼阅览室,90,1992770317668421720
建筑馆,北楼一楼阅览室,89,1992770317668421721
建筑馆,北楼一楼阅览室,92,1992770317668421722
建筑馆,北楼一楼阅览室,91,1992770317668421723
建筑馆,北楼一楼阅览室,94,1992770317668421724
建筑馆,北楼一楼阅览室,93,1992770317668421725
建筑馆,北楼一楼阅览室,96,1992770317668421726
建筑馆,北楼一楼阅览室,95,1992770317668421727
建筑馆,北楼一楼阅览室,97,1992770317668421729
建筑馆,北楼二楼阅览室,65,1992788727517253632
建筑馆,北楼二楼阅览室,70,1992788727517253633
建筑馆,北楼二楼阅览室,66,1992788727517253634
建筑馆,北楼二楼阅览室,69,1992788727517253635
建筑馆,北楼二楼阅览室,68,1992788727517253636
建筑馆,北楼二楼阅览室,71,1992788727517253637
建筑馆,北楼二楼阅览室,72,1992788727517253638
建筑馆,北楼二楼阅览室,67,1992788727517253639
建筑馆,北楼二楼阅览室,57,1992788727517253640
建筑馆,北楼二楼阅览室,62,1992788727517253641
建筑馆,北楼二楼阅览室,58,1992788727517253642
建筑馆,北楼二楼阅览室,61,1992788727517253643
建筑馆,北楼二楼阅览室,60,1992788727517253644
建筑馆,北楼二楼阅览室,63,1992788727517253645
建筑馆,北楼二楼阅览室,64,1992788727517253646
建筑馆,北楼二楼阅览室,59,1992788727517253647
建筑馆,北楼二楼阅览室,49,1992788727517253648
建筑馆,北楼二楼阅览室,54,1992788727517253649
建筑馆,北楼二楼阅览室,50,1992788727517253650
建筑馆,北楼二楼阅览室,53,1992788727517253651
建筑馆,北楼二楼阅览室,52,1992788727517253652
建筑馆,北楼二楼阅览室,55,1992788727517253653
建筑馆,北楼二楼阅览室,56,1992788727517253654
建筑馆,北楼二楼阅览室,51,1992788727517253655
建筑馆,北楼二楼阅览室,41,1992788727517253656
建筑馆,北楼二楼阅览室,46,1992788727517253657
建筑馆,北楼二楼阅览室,42,1992788727517253658
建筑馆,北楼二楼阅览室,45,1992788727517253659
建筑馆,北楼二楼阅览室,44,1992788727517253660
建筑馆,北楼二楼阅览室,47,1992788727517253661
建筑馆,北楼二楼阅览室,48,1992788727517253662
建筑馆,北楼二楼阅览室,43,1992788727517253663
建筑馆,北楼二楼阅览室,33,1992788727517253664
建筑馆,北楼二楼阅览室,38,1992788727517253665
建筑馆,北楼二楼阅览室,34,1992788727517253666
建筑馆,北楼二楼阅览室,37,1992788727517253667
建筑馆,北楼二楼阅览室,36,1992788727517253668
建筑馆,北楼二楼阅览室,39,1992788727517253669
建筑馆,北楼二楼阅览室,40,1992788727517253670
建筑馆,北楼二楼阅览室,35,1992788727517253671
建筑馆,北楼二楼阅览室,25,1992788727517253672
建筑馆,北楼二楼阅览室,30,1992788727517253673
建筑馆,北楼二楼阅览室,26,1992788727517253674
建筑馆,北楼二楼阅览室,29,1992788727517253675
建筑馆,北楼二楼阅览室,28,1992788727517253676
建筑馆,北楼二楼阅览室,31,1992788727517253677
建筑馆,北楼二楼阅览室,32,1992788727517253678
建筑馆,北楼二楼阅览室,27,1992788727517253679
建筑馆,北楼二楼阅览室,17,1992788727517253680
建筑馆,北楼二楼阅览室,22,1992788727517253681
建筑馆,北楼二楼阅览室,18,1992788727517253682
建筑馆,北楼二楼阅览室,21,1992788727517253683
建筑馆,北楼二楼阅览室,20,1992788727517253684
建筑馆,北楼二楼阅览室,23,1992788727517253685
建筑馆,北楼二楼阅览室,24,1992788727517253686
建筑馆,北楼二楼阅览室,19,1992788727517253687
建筑馆,北楼二楼阅览室,9,1992788727517253688
建筑馆,北楼二楼阅览室,14,1992788727517253689
建筑馆,北楼二楼阅览室,10,1992788727517253690
建筑馆,北楼二楼阅览室,13,1992788727517253691
建筑馆,北楼二楼阅览室,12,1992788727517253692
建筑馆,北楼二楼阅览室,15,1992788727517253693
建筑馆,北楼二楼阅览室,16,1992788727517253694
建筑馆,北楼二楼阅览室,11,1992788727517253695
建筑馆,北楼二楼阅览室,1,1992788727517253696
建筑馆,北楼二楼阅览室,6,1992788727517253697
建筑馆,北楼二楼阅览室,2,1992788727517253698
建筑馆,北楼二楼阅览室,5,1992788727517253699
建筑馆,北楼二楼阅览室,4,1992788727517253700
建筑馆,北楼二楼阅览室,7,1992788727517253701
建筑馆,北楼二楼阅览室,8,1992788727517253702
建筑馆,北楼二楼阅览室,3,1992788727517253703
建筑馆,北楼二楼阅览室,76,1992788727517253704
建筑馆,北楼二楼阅览室,73,1992788727517253705
建筑馆,北楼二楼阅览室,77,1992788727517253706
建筑馆,北楼二楼阅览室,74,1992788727517253707
建筑馆,北楼二楼阅览室,75,1992788727517253708
建筑馆,北楼二楼阅览室,78,1992788727517253709
建筑馆,北楼二楼阅览室,82,1992788727517253710
建筑馆,北楼二楼阅览室,79,1992788727517253711
建筑馆,北楼二楼阅览室,83,1992788727517253712
建筑馆,北楼二楼阅览室,80,1992788727517253713
建筑馆,北楼二楼阅览室,81,1992788727517253714
建筑馆,北楼二楼阅览室,84,1992788727517253715
建筑馆,北楼二楼阅览室,88,1992788727517253716
建筑馆,北楼二楼阅览室,85,1992788727517253717
建筑馆,北楼二楼阅览室,89,1992788727517253718
建筑馆,北楼二楼阅览室,86,1992788727517253719
建筑馆,北楼二楼阅览室,87,1992788727517253720
建筑馆,北楼二楼阅览室,90,1992788727517253721
建筑馆,北楼二楼阅览室,94,1992788727517253722
建筑馆,北楼二楼阅览室,91,1992788727517253723
建筑馆,北楼二楼阅览室,95,1992788727517253724
建筑馆,北楼二楼阅览室,92,1992788727517253725
建筑馆,北楼二楼阅览室,93,1992788727517253726
建筑馆,北楼二楼阅览室,96,1992788727517253727
建筑馆,北楼二楼阅览室,100,1992788727517253728
建筑馆,北楼二楼阅览室,97,1992788727517253729
建筑馆,北楼二楼阅览室,101,1992788727517253730
建筑馆,北楼二楼阅览室,98,1992788727517253731
建筑馆,北楼二楼阅览室,99,1992788727517253732
建筑馆,北楼二楼阅览室,102,1992788727517253733
建筑馆,北楼二楼阅览室,106,1992788727517253734
建筑馆,北楼二楼阅览室,103,1992788727517253735
建筑馆,北楼二楼阅览室,107,1992788727517253736
建筑馆,北楼二楼阅览室,104,1992788727517253737
建筑馆,北楼二楼阅览室,105,1992788727517253738
建筑馆,北楼二楼阅览室,108,1992788727517253739
建筑馆,北楼二楼阅览室,109,1992788727517253740
建筑馆,北楼二楼阅览室,110,1992788727517253741
建筑馆,北楼二楼阅览室,111,1992788727517253742
建筑馆,北楼二楼阅览室,112,1992788727517253743
建筑馆,北楼二楼阅览室,113,1992788727517253744
建筑馆,北楼二楼阅览室,114,1992788727517253745
建筑馆,北楼二楼阅览室,115,1992788727517253746
建筑馆,北楼二楼阅览室,116,1992788727517253747
建筑馆,北楼二楼阅览室,117,1992788727517253748
建筑馆,北楼二楼阅览室,118,1992788727517253749
建筑馆,北楼二楼阅览室,119,1992788727517253750
建筑馆,北楼二楼阅览室,120,1992788727517253751
建筑馆,北楼二楼阅览室,121,1992788727517253752
建筑馆,北楼二楼阅览室,122,1992788727517253753
建筑馆,北楼二楼阅览室,123,1992788727517253754
建筑馆,北楼二楼阅览室,124,1992788727517253755
建筑馆,北楼二楼阅览室,125,1992788727517253756
建筑馆,北楼二楼阅览室,126,1992788727517253757
建筑馆,北楼二楼阅览室,127,1992788727517253758
建筑馆,北楼二楼阅览室,128,1992788727517253759
建筑馆,北楼二楼阅览室,129,1992788727517253760
建筑馆,北楼二楼阅览室,130,1992788727517253761
建筑馆,北楼二楼阅览室,131,1992788727517253762
建筑馆,北楼二楼阅览室,132,1992788727517253763
建筑馆,北楼二楼阅览室,133,1992788727517253764
建筑馆,北楼三楼阅览室,72,1992790697959329792
建筑馆,北楼三楼阅览室,65,1992790697959329793
建筑馆,北楼三楼阅览室,66,1992790697959329794
建筑馆,北楼三楼阅览室,68,1992790697959329795
建筑馆,北楼三楼阅览室,70,1992790697959329796
建筑馆,北楼三楼阅览室,71,1992790697959329797
建筑馆,北楼三楼阅览室,67,1992790697959329798
建筑馆,北楼三楼阅览室,69,1992790697959329799
建筑馆,北楼三楼阅览室,64,1992790697959329800
建筑馆,北楼三楼阅览室,57,1992790697959329801
建筑馆,北楼三楼阅览室,58,1992790697959329802
建筑馆,北楼三楼阅览室,60,1992790697959329803
建筑馆,北楼三楼阅览室,62,1992790697959329804
建筑馆,北楼三楼阅览室,63,1992790697959329805
建筑馆,北楼三楼阅览室,59,1992790697959329806
建筑馆,北楼三楼阅览室,61,1992790697959329807
建筑馆,北楼三楼阅览室,56,1992790697959329808
建筑馆,北楼三楼阅览室,49,1992790697959329809
建筑馆,北楼三楼阅览室,50,1992790697959329810
建筑馆,北楼三楼阅览室,52,1992790697959329811
建筑馆,北楼三楼阅览室,54,1992790697959329812
建筑馆,北楼三楼阅览室,55,1992790697959329813
建筑馆,北楼三楼阅览室,51,1992790697959329814
建筑馆,北楼三楼阅览室,53,1992790697959329815
建筑馆,北楼三楼阅览室,48,1992790697959329816
建筑馆,北楼三楼阅览室,41,1992790697959329817
建筑馆,北楼三楼阅览室,42,1992790697959329818
建筑馆,北楼三楼阅览室,44,1992790697959329819
建筑馆,北楼三楼阅览室,46,1992790697959329820
建筑馆,北楼三楼阅览室,47,1992790697959329821
建筑馆,北楼三楼阅览室,43,1992790697959329822
建筑馆,北楼三楼阅览室,45,1992790697959329823
建筑馆,北楼三楼阅览室,40,1992790697959329824
建筑馆,北楼三楼阅览室,33,1992790697959329825
建筑馆,北楼三楼阅览室,34,1992790697959329826
建筑馆,北楼三楼阅览室,36,1992790697959329827
建筑馆,北楼三楼阅览室,38,1992790697959329828
建筑馆,北楼三楼阅览室,39,1992790697959329829
建筑馆,北楼三楼阅览室,35,1992790697959329830
建筑馆,北楼三楼阅览室,37,1992790697959329831
建筑馆,北楼三楼阅览室,32,1992790697959329832
建筑馆,北楼三楼阅览室,25,1992790697959329833
建筑馆,北楼三楼阅览室,26,1992790697959329834
建筑馆,北楼三楼阅览室,28,1992790697959329835
建筑馆,北楼三楼阅览室,30,1992790697959329836
建筑馆,北楼三楼阅览室,31,1992790697959329837
建筑馆,北楼三楼阅览室,27,1992790697959329838
建筑馆,北楼三楼阅览室,29,1992790697959329839
建筑馆,北楼三楼阅览室,24,1992790697959329840
建筑馆,北楼三楼阅览室,17,1992790697959329841
建筑馆,北楼三楼阅览室,18,1992790697959329842
建筑馆,北楼三楼阅览室,20,1992790697959329843
建筑馆,北楼三楼阅览室,22,1992790697959329844
建筑馆,北楼三楼阅览室,23,1992790697959329845
建筑馆,北楼三楼阅览室,19,1992790697959329846
建筑馆,北楼三楼阅览室,21,1992790697959329847
建筑馆,北楼三楼阅览室,16,1992790697959329848
建筑馆,北楼三楼阅览室,9,1992790697959329849
建筑馆,北楼三楼阅览室,10,1992790697959329850
建筑馆,北楼三楼阅览室,12,1992790697959329851
建筑馆,北楼三楼阅览室,14,1992790697959329852
建筑馆,北楼三楼阅览室,15,1992790697959329853
建筑馆,北楼三楼阅览室,11,1992790697963524096
建筑馆,北楼三楼阅览室,13,1992790697963524097
建筑馆,北楼三楼阅览室,8,1992790697963524098
建筑馆,北楼三楼阅览室,1,1992790697963524099
建筑馆,北楼三楼阅览室,2,1992790697963524100
建筑馆,北楼三楼阅览室,4,1992790697963524101
建筑馆,北楼三楼阅览室,6,1992790697963524102
建筑馆,北楼三楼阅览室,7,1992790697963524103
建筑馆,北楼三楼阅览室,3,1992790697963524104
建筑馆,北楼三楼阅览室,5,1992790697963524105
建筑馆,北楼三楼阅览室,75,1992790697963524106
建筑馆,北楼三楼阅览室,76,1992790697963524107
建筑馆,北楼三楼阅览室,77,1992790697963524108
建筑馆,北楼三楼阅览室,73,1992790697963524109
建筑馆,北楼三楼阅览室,74,1992790697963524110
建筑馆,北楼三楼阅览室,78,1992790697963524111
建筑馆,北楼三楼阅览室,81,1992790697963524112
建筑馆,北楼三楼阅览室,82,1992790697963524113
建筑馆,北楼三楼阅览室,83,1992790697963524114
建筑馆,北楼三楼阅览室,79,1992790697963524115
建筑馆,北楼三楼阅览室,80,1992790697963524116
建筑馆,北楼三楼阅览室,84,1992790697963524117
建筑馆,北楼三楼阅览室,87,1992790697963524118
建筑馆,北楼三楼阅览室,88,1992790697963524119
建筑馆,北楼三楼阅览室,89,1992790697963524120
建筑馆,北楼三楼阅览室,85,1992790697963524121
建筑馆,北楼三楼阅览室,86,1992790697963524122
建筑馆,北楼三楼阅览室,90,1992790697963524123
建筑馆,北楼三楼阅览室,93,1992790697963524124
建筑馆,北楼三楼阅览室,94,1992790697963524125
建筑馆,北楼三楼阅览室,95,1992790697963524126
建筑馆,北楼三楼阅览室,91,1992790697963524127
建筑馆,北楼三楼阅览室,92,1992790697963524128
建筑馆,北楼三楼阅览室,96,1992790697963524129
建筑馆,北楼三楼阅览室,99,1992790697963524130
建筑馆,北楼三楼阅览室,100,1992790697963524131
建筑馆,北楼三楼阅览室,101,1992790697963524132
建筑馆,北楼三楼阅览室,97,1992790697963524133
建筑馆,北楼三楼阅览室,98,1992790697963524134
建筑馆,北楼三楼阅览室,102,1992790697963524135
建筑馆,北楼三楼阅览室,105,1992790697963524136
建筑馆,北楼三楼阅览室,106,1992790697963524137
建筑馆,北楼三楼阅览室,107,1992790697963524138
建筑馆,北楼三楼阅览室,103,1992790697963524139
建筑馆,北楼三楼阅览室,104,1992790697963524140
建筑馆,北楼三楼阅览室,108,1992790697963524141
建筑馆,北楼三楼阅览室,109,1992790697963524142
建筑馆,北楼三楼阅览室,110,1992790697963524143
建筑馆,北楼三楼阅览室,111,1992790697963524144
建筑馆,北楼三楼阅览室,112,1992790697963524145
建筑馆,北楼三楼阅览室,113,1992790697963524146
建筑馆,北楼三楼阅览室,114,1992790697963524147
建筑馆,北楼三楼阅览室,115,1992790697963524148
建筑馆,北楼三楼阅览室,116,1992790697963524149
建筑馆,北楼三楼阅览室,117,1992790697963524150
建筑馆,北楼三楼阅览室,118,1992790697963524151
建筑馆,北楼三楼阅览室,119,1992790697963524152
建筑馆,北楼三楼阅览室,120,1992790697963524153
建筑馆,北楼三楼阅览室,121,1992790697963524154
建筑馆,北楼三楼阅览室,122,1992790697963524155
建筑馆,北楼三楼阅览室,123,1992790697963524156
建筑馆,北楼三楼阅览室,124,1992790697963524157
建筑馆,北楼三楼阅览室,125,1992790697963524158
建筑馆,北楼三楼阅览室,126,1992790697963524159
建筑馆,北楼三楼阅览室,127,1992790697963524160
建筑馆,北楼三楼阅览室,128,1992790697963524161
建筑馆,北楼三楼阅览室,129,1992790697963524162
建筑馆,北楼三楼阅览室,130,1992790697963524163
建筑馆,北楼三楼阅览室,131,1992790697963524164
建筑馆,北楼三楼阅览室,132,1992790697963524165
建筑馆,北楼三楼阅览室,133,1992790697963524166
建筑馆,南楼二楼报刊阅览室,17,1992791598564478976
建筑馆,南楼二楼报刊阅览室,18,1992791598564478977
建筑馆,南楼二楼报刊阅览室,19,1992791598564478978
建筑馆,南楼二楼报刊阅览室,20,1992791598564478979
建筑馆,南楼二楼报刊阅览室,21,1992791598564478980
建筑馆,南楼二楼报刊阅览室,22,1992791598564478981
建筑馆,南楼二楼报刊阅览室,23,1992791598564478982
建筑馆,南楼二楼报刊阅览室,24,1992791598564478983
建筑馆,南楼二楼报刊阅览室,25,1992791598564478984
建筑馆,南楼二楼报刊阅览室,26,1992791598564478985
建筑馆,南楼二楼报刊阅览室,27,1992791598564478986
建筑馆,南楼二楼报刊阅览室,13,1992791598564478987
建筑馆,南楼二楼报刊阅览室,12,1992791598564478988
建筑馆,南楼二楼报刊阅览室,14,1992791598564478989
建筑馆,南楼二楼报刊阅览室,11,1992791598564478990
建筑馆,南楼二楼报刊阅览室,15,1992791598564478991
建筑馆,南楼二楼报刊阅览室,10,1992791598564478992
建筑馆,南楼二楼报刊阅览室,16,1992791598564478993
建筑馆,南楼二楼报刊阅览室,9,1992791598564478994
建筑馆,南楼二楼报刊阅览室,5,1992791598564478995
建筑馆,南楼二楼报刊阅览室,4,1992791598564478996
建筑馆,南楼二楼报刊阅览室,6,1992791598564478997
建筑馆,南楼二楼报刊阅览室,3,1992791598564478998
建筑馆,南楼二楼报刊阅览室,7,1992791598564478999
建筑馆,南楼二楼报刊阅览室,2,1992791598564479000
建筑馆,南楼二楼报刊阅览室,8,1992791598564479001
建筑馆,南楼二楼报刊阅览室,1,1992791598564479002
建筑馆,南楼三楼报刊阅览室,26,1992793710664978432
建筑馆,南楼三楼报刊阅览室,22,1992793710664978433
建筑馆,南楼三楼报刊阅览室,23,1992793710664978434
建筑馆,南楼三楼报刊阅览室,25,1992793710664978435
建筑馆,南楼三楼报刊阅览室,20,1992793710664978436
建筑馆,南楼三楼报刊阅览室,17,1992793710664978437
建筑馆,南楼三楼报刊阅览室,24,1992793710664978438
建筑馆,南楼三楼报刊阅览室,18,1992793710664978439
建筑馆,南楼三楼报刊阅览室,27,1992793710664978440
建筑馆,南楼三楼报刊阅览室,21,1992793710664978441
建筑馆,南楼三楼报刊阅览室,19,1992793710664978442
建筑馆,南楼三楼报刊阅览室,13,1992793710664978443
建筑馆,南楼三楼报刊阅览室,12,1992793710664978444
建筑馆,南楼三楼报刊阅览室,14,1992793710664978445
建筑馆,南楼三楼报刊阅览室,11,1992793710664978446
建筑馆,南楼三楼报刊阅览室,15,1992793710664978447
建筑馆,南楼三楼报刊阅览室,10,1992793710664978448
建筑馆,南楼三楼报刊阅览室,16,1992793710664978449
建筑馆,南楼三楼报刊阅览室,9,1992793710664978450
建筑馆,南楼三楼报刊阅览室,5,1992793710664978453
建筑馆,南楼三楼报刊阅览室,4,1992793710664978454
建筑馆,南楼三楼报刊阅览室,6,1992793710664978455
建筑馆,南楼三楼报刊阅览室,3,1992793710664978456
建筑馆,南楼三楼报刊阅览室,7,1992793710664978457
建筑馆,南楼三楼报刊阅览室,2,1992793710664978458
建筑馆,南楼三楼报刊阅览室,8,1992793710664978459
建筑馆,南楼三楼报刊阅览室,1,1992793710664978460
建筑馆,南楼二楼书库,23,1992794781806333952
建筑馆,南楼二楼书库,22,1992794781806333953
建筑馆,南楼二楼书库,20,1992794781806333954
建筑馆,南楼二楼书库,25,1992794781806333955
建筑馆,南楼二楼书库,21,1992794781806333956
建筑馆,南楼二楼书库,24,1992794781806333957
建筑馆,南楼二楼书库,29,1992794781806333958
建筑馆,南楼二楼书库,28,1992794781806333959
建筑馆,南楼二楼书库,26,1992794781806333960
建筑馆,南楼二楼书库,31,1992794781806333961
建筑馆,南楼二楼书库,27,1992794781806333962
建筑馆,南楼二楼书库,30,1992794781806333963
建筑馆,南楼二楼书库,32,1992794781806333964
建筑馆,南楼二楼书库,33,1992794781806333965
建筑馆,南楼二楼书库,34,1992794781806333966
建筑馆,南楼二楼书库,35,1992794781806333967
建筑馆,南楼二楼书库,19,1992794781806333968
建筑馆,南楼二楼书库,18,1992794781806333969
建筑馆,南楼二楼书库,17,1992794781806333970
建筑馆,南楼二楼书库,16,1992794781806333971
建筑馆,南楼二楼书库,15,1992794781806333972
建筑馆,南楼二楼书库,14,1992794781806333973
建筑馆,南楼二楼书库,13,1992794781806333974
建筑馆,南楼二楼书库,12,1992794781806333975
建筑馆,南楼二楼书库,11,1992794781806333976
建筑馆,南楼二楼书库,10,1992794781806333977
建筑馆,南楼二楼书库,9,1992794781806333978
建筑馆,南楼二楼书库,8,1992794781806333979
建筑馆,南楼二楼书库,7,1992794781806333980
建筑馆,南楼二楼书库,6,1992794781806333981
建筑馆,南楼二楼书库,5,1992794781806333982
建筑馆,南楼二楼书库,4,1992794781806333983
建筑馆,南楼二楼书库,3,1992794781806333984
建筑馆,南楼二楼书库,2,1992794781806333985
建筑馆,南楼二楼书库,1,1992794781806333986
建筑馆,南楼三楼书库,20,1992795672810721280
建筑馆,南楼三楼书库,25,1992795672810721281
建筑馆,南楼三楼书库,21,1992795672810721282
建筑馆,南楼三楼书库,24,1992795672810721283
建筑馆,南楼三楼书库,22,1992795672810721284
建筑馆,南楼三楼书库,23,1992795672810721285
建筑馆,南楼三楼书库,26,1992795672810721286
建筑馆,南楼三楼书库,31,1992795672810721287
建筑馆,南楼三楼书库,27,1992795672810721288
建筑馆,南楼三楼书库,30,1992795672810721289
建筑馆,南楼三楼书库,28,1992795672810721290
建筑馆,南楼三楼书库,29,1992795672810721291
建筑馆,南楼三楼书库,32,1992795672810721292
建筑馆,南楼三楼书库,33,1992795672810721293
建筑馆,南楼三楼书库,34,1992795672810721294
建筑馆,南楼三楼书库,35,1992795672810721295
建筑馆,南楼三楼书库,19,1992795672810721296
建筑馆,南楼三楼书库,18,1992795672810721297
建筑馆,南楼三楼书库,17,1992795672810721298
建筑馆,南楼三楼书库,16,1992795672810721299
建筑馆,南楼三楼书库,4,1992795672810721300
建筑馆,南楼三楼书库,3,1992795672810721301
建筑馆,南楼三楼书库,2,1992795672810721302
建筑馆,南楼三楼书库,1,1992795672810721303
建筑馆,南楼三楼书库,8,1992795672810721304
建筑馆,南楼三楼书库,7,1992795672810721305
建筑馆,南楼三楼书库,6,1992795672810721306
建筑馆,南楼三楼书库,5,1992795672810721307
建筑馆,南楼三楼书库,12,1992795672810721308
建筑馆,南楼三楼书库,11,1992795672810721309
建筑馆,南楼三楼书库,10,1992795672810721310
建筑馆,南楼三楼书库,9,1992795672810721311
建筑馆,南楼三楼书库,15,1992795672810721312
建筑馆,南楼三楼书库,14,1992795672810721313
建筑馆,南楼三楼书库,13,1992795672810721314
